year,category,nominee,workers,winner
1959,Song of the Year,Nel Blu Dipinto di Blu (Volare).,Domenico Modugno,True
1961,Song of the Year,Theme From Exodus.,Ernest Gold (artist/songwriter),True
1962,Best Instrumental Theme Or Instrumental Version of Song,African Waltz.,"Cannonball Adderley (artist), Galt MacDermot (composer)",True
1962,Song of the Year,Moon River.,Breakfast at Tiffany's,True
1963,Song of the Year,What Kind Of Fool Am I.,"Leslie Bricusse (songwriter), Sammy Davis Jr. (artist), Anthony Newley (artist/songwriter)",True
1964,Song of the Year,Days Of Wine And Roses.,"Henry Mancini (artist/songwriter), Johnny Mercer (songwriter)",True
1965,Best Country & Western Song,Dang Me,Roger Miller (songwriter),True
1965,Song of the Year,"Hello, Dolly!","Louis Armstrong (artist), Jerry Herman (songwriter)",True
1966,Best Country & Western Song,King Of The Road,Roger Miller (songwriter),True
1966,Song of the Year,The Shadow Of Your Smile (Love Theme From The Sandpiper),"Tony Bennett (artist), Paul Francis Webster (songwriter), Johnny Mandel (songwriter)",True
1967,Best Country & Western Song,Almost Persuaded,"Billy Sherrill (songwriter), Glenn Sutton (songwriter), David Houston (artist)",True
1967,Song of the Year,Michelle,"The Beatles (artist), Paul McCartney (songwriter), John Lennon (songwriter)",True
1968,Best Country & Western Song,Gentle On My Mind,John Hartford (songwriter),True
1968,Song of the Year,"Up, Up And Away","Jimmy Webb (songwriter), The 5th Dimension (artist)",True
1969,Best Country Song,Little Green Apples,"O.C. Smith (artist), Roger Miller (artist), Bobby Russell (songwriter)",True
1969,Best Rhythm & Blues Song,(Sittin' On) The Dock Of The Bay,"Otis Redding (songwriter), Steve Cropper (songwriter)",True
1969,Song of the Year,Little Green Apples,"O.C. Smith (artist), Roger Miller (artist), Bobby Russell (songwriter)",True
1970,Best Contemporary Song,Games People Play,Joe South (artist/songwriter),True
1970,Best Country Song,A Boy Named Sue,"Shel Silverstein (songwriter), Johnny Cash (artist)",True
1970,Best R&B Song,Color Him Father,"Richard Spencer (songwriter), The Winstons (artist)",True
1970,Song of the Year,Games People Play,Joe South (artist/songwriter),True
1971,Best Contemporary Song,Bridge Over Troubled Water,"Paul Simon (songwriter), Simon & Garfunkel (artist)",True
1971,Best Country Song,"My Woman, My Woman, My Wife",Marty Robbins (artist/songwriter),True
1971,Best R&B Song,Patches,"Ronald Dunbar (songwriter), General Johnson (songwriter), Clarence Carter (artist)",True
1971,Song of the Year,Bridge Over Troubled Water,"Paul Simon (songwriter), Simon & Garfunkel (artist)",True
1972,Best Country Song,Help Me Make It Through The Night,"Kris Kristofferson (songwriter), Sammi Smith (artist)",True
1972,Best R&B Song,Ain't No Sunshine,Bill Withers (artist/songwriter),True
1972,Song of the Year,You've Got A Friend,Carole King (artist/songwriter),True
1973,Best Country Song,Kiss An Angel Good Mornin',"Ben Peters (songwriter), Charley Pride (artist)",True
1973,Best R&B Song,Papa Was A Rollin' Stone,"Barrett Strong (songwriter), Norman Whitfield (songwriter), The Temptations (artist)",True
1973,Song of the Year,The First Time Ever I Saw Your Face,"Ewan MacColl (songwriter), Roberta Flack (artist)",True
1974,Best Country Song,Behind Closed Doors,"Kenny O'Dell (songwriter), Charlie Rich (artist)",True
1974,Best R&B Song,Superstition,Stevie Wonder (artist/songwriter),True
1974,Song of the Year,Killing Me Softly With His Song,"Charles Fox (songwriter), Norman Gimbel (songwriter), Roberta Flack (artist)",True
1975,Best Country Song,A Very Special Love Song,"Billy Sherrill (songwriter), Norris Wilson (songwriter), Charlie Rich (artist)",True
1975,Best Rhythm & Blues Song,Living For The City,Stevie Wonder (songwriter/artist),True
1975,Song of the Year,The Way We Were,"Barbra Streisand (artist), Alan Bergman (songwriter), Marilyn Bergman (songwriter), Marvin Hamlisch (songwriter)",True
1976,Best Country Song,(Hey Won't You Play) Another Somebody Done Somebody Wrong Song,"Larry Butler (songwriter), Chips Moman (songwriter), B.J. Thomas (artist)",True
1976,Best Rhythm & Blues Song,Where Is The Love,"Richard Finch (songwriter), Harry Wayne Casey (songwriter), Willie Clarke (songwriter), Betty Wright (songwriter/artist)",True
1976,Song of the Year,Send In The Clowns,"Judy Collins (artist), Stephen Sondheim (songwriter)",True
1977,Best Country Song,Broken Lady,Larry Gatlin (songwriter),True
1977,Best Rhythm & Blues Song,Lowdown,"Boz Scaggs (songwriter), David Paich (songwriter/artist)",True
1977,Song of the Year,I Write The Songs,"Barry Manilow (artist), Bruce Johnston (songwriter)",True
1978,Best Country Song,Don't It Make My Brown Eyes,"Richard Leigh (songwriter), Crystal Gayle (artist)",True
1978,Best R&B Song,Last Dance (1978),,True
1978,Best Rhythm & Blues Song,You Make Me Feel Like Dancing,"Leo Sayer (songwriter), Vini Poncia (songwriter)",True
1978,Song of the Year,Love Theme From A Star Is Born (Evergreen),"Barbra Streisand (songwriter/artist), Paul Williams (songwriter)",True
1979,Best Country Song,The Gambler,"Don Schlitz (songwriter), Kenny Rogers (artist)",True
1979,Best Rhythm & Blues Song,Last Dance,"Donna Summer (artist), Paul Jabara (songwriter)",True
1979,Song of the Year,Just The Way You Are,Billy Joel (songwriter),True
1980,Best Country Song,You Decorated My Life.,"Kenny Rogers (artist), Debbie Hupp (songwriter), Bob Morrison (songwriter)",True
1980,Best Rhythm & Blues Song,After The Love Has Gone.,"Earth Wind & Fire (artist), David Foster (songwriter), Jay Graydon (songwriter), Bill Champlin (songwriter)",True
1980,Song of the Year,What A Fool Believes.,"The Doobie Brothers (artists), Kenny Loggins (songwriter), Michael McDonald (songwriter)",True
1981,Best Country Song,On The Road Again.,Willie Nelson (artist/songwriter),True
1981,Best Rhythm & Blues Song,Never Knew Love Like This Before.,"Stephanie Mills (artist), James Mtume (songwriter), Reggie Lucas (songwriter)",True
1981,Song of the Year,Sailing.,Christopher Cross (artist/songwriter),True
1982,Best Country Song,9 to 5,9 to 5,True
1982,Best Rhythm & Blues Song,Just The Two Of Us.,"Grover Washington Jr., William Salter (songwriter), Ralph MacDonald (songwriter), Bill Withers (songwriter/artist)",True
1982,Song of the Year,Bette Davis Eyes.,"Kim Carnes (artist), Donna Weiss (songwriter), Jackie DeShannon (songwriter)",True
1983,Best Country Song,Always On My Mind.,"Willie Nelson (artist), Wayne Carson (songwriter), Johnny Christopher (songwriter), Mark James (songwriter)",True
1983,Best Rhythm & Blues Song,Turn Your Love Around.,"Bill Champlin (songwriter), Jay Graydon (songwriter), Steve Lukather (songwriter), George Benson (artist)",True
1983,Song of the Year,Always On My Mind.,"Mark James (songwriter), Johnny Christopher (songwriter), Wayne Carson (songwriter), Willie Nelson (artist)",True
1984,Best New Country Song,Stranger In My House.,"Mike Reid (songwriter), Ronnie Milsap (artist)",True
1984,Best Rhythm & Blues Song,Billie Jean.,Michael Jackson (artist/songwriter),True
1984,Song of the Year,Every Breath You Take.,"The Police (artists), Sting (songwriter)",True
1985,Best Country Song,City Of New Orleans.,"Steve Goodman (songwriter), Willie Nelson (artist)",True
1985,Best Rhythm & Blues Song,I Feel For You.,"Prince (songwriter), Chaka Khan (artist)",True
1985,Song of the Year,What's Love Got To Do With It.,"Tina Turner (artist), Terry Britten (songwriter), Graham Lyle (songwriter)",True
1986,Best Country Song,The Highwayman,Jimmy Webb (songwriter),True
1986,Best Rhythm & Blues Song,Freeway Of Love.,"Aretha Franklin (artist), Jeffrey Cohen (songwriter), Narada Michael Walden (songwriter)",True
1986,Song of the Year,We Are the World (various artists).,"Lionel Richie (songwriter), Michael Jackson (songwriter)",True
1987,Best Country Song,Grandpa (Tell Me 'Bout the Good Ol' Days).,"Jamie O'Hara (songwriter), The Judds (artists)",True
1987,Best Rhythm & Blues Song,Sweet Love.,"Anita Baker (artist/songwriter), Gary Bias (songwriter), Louis A. Johnson (songwriter)",True
1987,Song of the Year,That's What Friends Are For.,"Stevie Wonder (artist), Gladys Knight (artist), Elton John (artist), Dionne Warwick (artist), Carole Bayer Sager (songwriter), Burt Bacharach (songwriter)",True
1988,Best Country Song,"Forever and Ever, Amen.","Randy Travis (artist), Paul Overstreet (songwriter), Don Schlitz (songwriter)",True
1988,Best Rhythm & Blues Song,Lean On Me.,"Club Nouveau (artist), Bill Withers (songwriter)",True
1988,Best Song Written Specifically for a Motion Picture or Television,Somewhere Out There.,"James Ingram (artist), Linda Ronstadt (artist), Barry Mann (songwriter), James Horner (songwriter), Cynthia Weil (songwriter)",True
1988,Best Song Written Specifically for a Motion Picture or for Television,Somewhere Out There.,An American Tail,True
1988,Best Song Written Specifically for a Motion Picture or for Television,Nothing's Gonna Stop Us Now.,Mannequin,False
1988,Best Song Written Specifically for a Motion Picture or for Television,Who's That Girl.,Who's That Girl,False
1988,Song of the Year,Somewhere Out There.,An American Tail,True
1988,Song of the Year,La Bamba.,La Bamba,False
1988,Song of the Year,Luka.,Suzanne Vega (songwriter and performer),False
1989,Best Country Song,Hold Me.,K.T. Oslin (songwriter),True
1989,Best Country Song,She's No Lady.,Lyle Lovett (artist),False
1989,Best Country Song,I Couldn't Leave You if I Tried.,Rodney Crowell (artist),False
1989,Best Rhythm & Blues Song,Giving You the Best That I Got,"Anita Baker (artist/songwriter), Randy Holland (songwriter), Skip Scarborough (songwriter)",True
1989,Best Rhythm & Blues Song,I'll Always Love You.,Jimmy George (artist),False
1989,Best Rhythm & Blues Song,Any Love.,"Luther Vandross (artist), Marcus Miller (artist)",False
1989,Best Song Written Specifically for a Motion Picture or Television,Two Hearts.,"Phil Collins (artist/songwriter), Lamont Dozier (songwriter)",True
1989,Best Song Written Specifically for a Motion Picture or Television,One Moment in Time (1988 Summer Olympic Album One Moment in Time).,Whitney Houston (artist),False
1989,Best Song Written Specifically for a Motion Picture or for Television,Two Hearts.,Buster,True
1989,Best Song Written Specifically for a Motion Picture or for Television,Century's End.,"Bright Lights, Big City",False
1989,Best Song Written Specifically for a Motion Picture or for Television,Cry Freedom.,Cry Freedom,False
1989,Song of the Year,"Don't Worry, Be Happy.",Bobby McFerrin (artist),True
1989,Song of the Year,Piano in the Dark.,"Brenda Russell, Jeff Hall, Scott Cutler",False
1989,Song of the Year,Fast Car.,Tracy Chapman,False
1990,Best Country Song,After All This Time,Rodney Crowell (songwriter),True
1990,Best Rhythm & Blues Song,If You Don't Know Me By Now,"Simply Red (artist), Leon Huff (songwriter), Kenny Gamble (songwriter)",True
1990,Best Song Written Specifically for a Motion Picture or Television,Let The River Run (From Working Girl),Carly Simon (songwriter),True
1990,Best Song Written Specifically for a Motion Picture or for Television,Let the River Run.,Working Girl,True
1990,Best Song Written Specifically for a Motion Picture or for Television,I Love To See You Smile.,Parenthood,False
1990,Best Song Written Specifically for a Motion Picture or for Television,Angel of Harlem.,U2: Rattle and Hum,False
1990,Song of the Year,Wind Beneath My Wings,"Bette Midler (artist), Larry Henley (songwriter), Jeff Silbar (songwriter)",True
1991,Best Country Song,Where've You Been,"Kathy Mattea (artist), Don Henry (songwriter), Jon Vezner (songwriter)",True
1991,Best Rhythm & Blues Song,U Can't Touch This,"M.C. Hammer (songwriter), Alonzo Miller (songwriter), Rick James (songwriter)",True
1991,Best Song Written Specifically for a Motion Picture or for Television,Under the Sea.,The Little Mermaid,True
1991,Best Song Written Specifically for a Motion Picture or for Television,Sooner or Later (I Always Get My Man).,Dick Tracy,False
1991,Best Song Written Specifically for a Motion Picture or for Television,Blaze of Glory.,Young Guns II,False
1991,Song of the Year,From A Distance,"Bette Midler (songwriter), Julie Gold (songwriter)",True
1991,Song of the Year,Vision Of Love.,Mariah Carey,False
1991,Song of the Year,Nothing Compares 2 U,Prince (artist),False
1991,Best R&B Song,Alright,"Janet Jackson, Jimmy Jam, Terry Lewis",False
1992,Best Country Song,Love Can Build A Bridge,"Paul Overstreet (songwriter), Naomi Judd (songwriter), John Jarvis (songwriter)",True
1992,Best Rhythm & Blues Song,Power Of Love/Love Power,"Marcus Miller (songwriter), Luther Vandross (songwriter), Teddy Vann (songwriter)",True
1992,Best Rock Song,Soul Cages,Sting (artist),True
1992,Best Song Written Specifically for a Motion Picture or for Television,(Everything I Do) I Do It For You.,Robin Hood: Prince of Thieves,True
1992,Best Song Written Specifically for a Motion Picture or for Television,Gotta Have You.,Jungle Fever,False
1992,Song of the Year,Unforgettable,"Natalie Cole (artist), Nat 'King' Cole (artist), Irving Gordon (songwriter)",True
1993,Best Country Song,"John Jarvis (songwriter), Vince Gill (artist/songwriter)",,True
1993,Best Rhythm & Blues Song,End Of The Road,"Boyz II Men (artist), Kenneth 'Babyface' Edmonds (songwriter), L.A. Reid (songwriter), Daryl Simmons (songwriter)",True
1993,Best Rock Song,Layla,"Eric Clapton (songwriter), Jim Gordon (songwriter)",True
1993,Best Song Written Specifically for a Motion Picture or for Television,Beauty and the Beast.,Beauty and the Beast,True
1993,Best Song Written Specifically for a Motion Picture or for Television,It's Probably Me.,Lethal Weapon 3,False
1993,Best Song Written Specifically for a Motion Picture or for Television,Tears in Heaven.,Rush,False
1993,Song of the Year,Tears in Heaven.,Rush,True
1993,Song of the Year,Acky Breaky Heart.,"Don Von Tress (songwriter), Billy Ray Cyrus (performer)",False
1993,Song of the Year,Constant Craving.,"k.d. lang (songwriter and performer), Ben Mink (performer)",False
1994,Best Country Song,Passionate Kisses,"Lucinda Williams (songwriter), Mary Chapin Carpenter (artist)",True
1994,Best R&B Song,That's the Way Love Goes,"Janet Jackson, Jimmy Jam, Terry Lewis",True
1994,Best Rhythm & Blues Song,That's The Way Love Goes,"Janet Jackson (songwriter), Jimmy Jam (songwriter), Terry Lewis (songwriter)",True
1994,Best Rock Song,Runaway Train,"David Pirner (songwriter), Soul Asylum (artist)",True
1994,Best Song Written Specifically for a Motion Picture or for Television,A Whole New World.,Aladdin,True
1994,Best Song Written Specifically for a Motion Picture or for Television,Run to You.,The Bodyguard,False
1994,Best Song Written Specifically for a Motion Picture or for Television,I Don't Wanna Fight.,What's Love Got to Do with It,False
1994,Song of the Year,A Whole New World (Aladdin's Theme).,Aladdin,True
1995,Best Country Song,I Swear,"Gary Baker (songwriter), Frank J. Myers (songwriter), John Michael Montgomery (artist)",True
1995,Best Rhythm & Blues Song,I'll Make Love To You,"Boyz II Men (artist), Kenneth 'Babyface' Edmonds (songwriter)",True
1995,Best Rock Song,Streets Of Philadelphia,Bruce Springsteen (songwriter),True
1995,Best Song Written Specifically for a Motion Picture or for Television,Streets of Philadelphia.,Philadelphia,True
1995,Best Song Written Specifically for a Motion Picture or for Television,Circle of Life.,The Lion King,False
1995,Best Song Written Specifically for a Motion Picture or for Television,I'll Remember.,With Honors,False
1995,Song of the Year,Streets Of Philadelphia,Bruce Springsteen (songwriter),True
1996,Best Country Song,Go Rest High On That Mountain,Vince Gill (songwriter),True
1996,Best Rhythm & Blues Song,For Your Love,Stevie Wonder (songwriter),True
1996,Best Rock Song,You Oughta Know,"Glen Ballard (songwriter), Alanis Morissette (songwriter)",True
1996,Best Song Written Specifically for a Motion Picture or for Television,Colors of the Wind.,Pocahontas,True
1996,Best Song Written Specifically for a Motion Picture or for Television,Love Me Still.,Clockers,False
1996,Best Song Written Specifically for a Motion Picture or for Television,Whatever You Imagine.,The Pagemaster,False
1996,Song of the Year,Kiss From a Rose,Seal (artist/songwriter),True
1997,Best Country Song,Blue,"LeAnn Rimes (artist), Bill Mack (songwriter)",True
1997,Best Rhythm & Blues Song,Exhale (Shoop Shoop),"Kenneth 'Babyface' Edmonds (songwriter), Whitney Houston (artist)",True
1997,Best Rock Song,For 'Give Me One Reason',Tracy Chapman,True
1997,Best Song Written Specifically for a Motion Picture or for Television,Because You Loved Me (Theme From Up Close & Personal),Up Close & Personal,True
1997,Best Song Written Specifically for a Motion Picture or for Television,It Hurts Like Hell.,Waiting to Exhale,False
1997,Best Song Written Specifically for a Motion Picture or for Television,Count On Me.,Waiting to Exhale,False
1997,Song of the Year,Change The World,"Wynonna Judd (artist), Eric Clapton (artist), Tommy Sims (songwriter), Wayne Kirkpatrick (songwriter), Gordon Kennedy (songwriter)",True
1998,Best Country Song,Butterfly Kisses,"Raybon Bros (artist), Jeff Carson (artist), Randy Thomas (songwriter), Bob Carlisle (songwriter)",True
1998,Best Rhythm & Blues Song,I Believe I Can Fly,R. Kelly (songwriter),True
1998,Best Rock Song,One Headlight,"The Wallflowers (artist), Jakob Dylan (songwriter)",True
1998,Best Song Written Specifically for a Motion Picture or for Television,I Believe I Can Fly.,Space Jam,True
1998,Best Song Written Specifically for a Motion Picture or for Television,Father Of Our Nation.,Mandela and de Klerk,False
1998,Best Song Written Specifically for a Motion Picture or for Television,A Song For Mama.,Soul Food,False
1998,Song of the Year,Sunny Came Home,"Shawn Colvin (songwriter), John Leventhal (songwriter)",True
1998,Best R&B Song,Honey.,Mariah Carey,False
1999,Best Country Song,You're Still The One,"Shania Twain (songwriter), Robert John Lange (songwriter)",True
1999,Best Rhythm & Blues Song,Doo Wop (That Thing),Lauryn Hill (songwriter),True
1999,Best Rock Song,Uninvited,Alanis Morissette (songwriter),True
1999,Best Song Written Specifically for a Motion Picture or for Television,My Heart Will Go On.,Titanic,True
1999,Best Song Written Specifically for a Motion Picture or for Television,Uninvited.,City of Angels,False
1999,Best Song Written Specifically for a Motion Picture or for Television,Tomorrow Never Dies.,Tomorrow Never Dies,False
1999,Best Song Written for a Motion Picture or for Television,My Heart Will Go On (Love Theme From Titanic),"Céline Dion (artist), Will Jennings (songwriter), James Horner (songwriter)",True
1999,Song of the Year,My Heart Will Go On.,Titanic,True
1999,Song of the Year,Iris.,Johnny Rzeznik (Songwriter),False
1999,Song of the Year,You're Still the One.,"Robert John Lange (Songwriter), Shania Twain (Songwriter)",False
1999,Best R&B Song,The Boy Is Mine.,"Brandy Norwood, Monica",False
2000,Best Country Song,Come On Over,"Robert John Lange (songwriter), Shania Twain (artist/songwriter)",True
2000,Best R&B Song,No Scrubs,"Kandi Burruss (songwriter), Tiny Harris (songwriter), TLC (artist), Kevin 'She'kspere' Briggs (songwriter)",True
2000,Best Rock Song,Scar Tissue,Red Hot Chili Peppers (songwriters),True
2000,"Best Song Written for a Motion Picture, Television or Other Visual Media",Beautiful Stranger,Austin Powers: The Spy Who Shagged Me,True
2000,"Best Song Written for a Motion Picture, Television or Other Visual Media",Music of My Heart,Music of the Heart,False
2000,"Best Song Written for a Motion Picture, Television or Other Visual Media",The Prince Of Egypt (When You Believe),The Prince of Egypt,False
2000,Song of the Year,Smooth,"Itaal Shur (songwriter), Rob Thomas (artist/songwriter), Santana (artist)",True
2001,Best Country Song,I Hope You Dance,"Mark D. Sanders (songwriter), Tia Sillers (songwriter), Lee Ann Womack (artist)",True
2001,Best R&B Song,Say My Name,"Rodney Jerkins (songwriter), Fred Jerkins (songwriter), Beyoncé (songwriter), LeToya Luckett-Walker (songwriter), LaTavia Roberson (songwriter), Kelly Rowland (songwriter), Destiny's Child (artist), Lashawn Daniels (songwriter)",True
2001,Best Rock Song,With Arms Wide Open,"Scott Stapp (songwriter), Mark Tremonti (songwriter), Creed (artist)",True
2001,"Best Song Written for a Motion Picture, Television or Other Visual Media",When She Loved Me,Toy Story 2,True
2001,"Best Song Written for a Motion Picture, Television or Other Visual Media",Save Me,Magnolia,False
2001,"Best Song Written for a Motion Picture, Television or Other Visual Media",Things Have Changed,Wonder Boys,False
2001,Song of the Year,Beautiful Day,U2 (artist/songwriters),True
2002,Best Country Song,The Lucky One,"Robert Lee Castleman (songwriter), Alison Krauss (artist), Union Station (artist)",True
2002,Best R&B Song,Fallin',Alicia Keys (artist/songwriter),True
2002,Best Rock Song,Drops Of Jupiter,"Charlie Colin (songwriter), Rob Hotchkiss (songwriter), Pat Monahan (songwriter), Jimmy Stafford (songwriter), Scott Underwood (songwriter), Train (artist)",True
2002,"Best Song Written for a Motion Picture, Television or Other Visual Media",Boss Of Me,Malcolm in the Middle,True
2002,"Best Song Written for a Motion Picture, Television or Other Visual Media",Win,Men of Honor,False
2002,"Best Song Written for a Motion Picture, Television or Other Visual Media",My Funny Friend And Me,The Emperor's New Groove,False
2002,Song of the Year,Fallin',Alicia Keys (artist/songwriter),True
2002,Song of the Year,Video,"India Arie (songwriter), Carlos Broady (songwriter), Shannon Sanders (songwriter)",False
2002,Song of the Year,Stuck In a Moment You Can't Get Out Of,U2 (songwriters),False
2003,Best Country Song,Where Were You (When The World Stopped Turning),Alan Jackson (artist/songwriter),True
2003,Best R&B Song,Love Of My Life (An Ode To Hip Hop),"Erykah Badu (artist/songwriter), Common (artist/songwriter), Madukwu Chinwah (songwriter), Bobby Ozuna (songwriter), James Poyser (songwriter), Raphael Saadiq (songwriter), Glenn Standridge (songwriter)",True
2003,Best Rock Song,The Rising,Bruce Springsteen (artist/songwriter),True
2003,"Best Song Written for a Motion Picture, Television or Other Visual Media",If I Didn't Have You,"Monsters, Inc.",True
2003,"Best Song Written for a Motion Picture, Television or Other Visual Media",Hero,Spider-Man,False
2003,"Best Song Written for a Motion Picture, Television or Other Visual Media",Vanilla Sky,Vanilla Sky,False
2003,Song of the Year,Don't Know Why,"Jesse Harris (songwriter), Norah Jones (artist)",True
2003,Song of the Year,Complicated,"Avril Lavigne (songwriter), The Matrix (songwriter)",False
2003,Song of the Year,A Thousand Miles,Vanessa Carlton (songwriter),False
2004,Best Country Song,It's Five O'Clock Somewhere,"Jim Brown (songwriter), Don Rollins (songwriter), Alan Jackson (artist), Jimmy Buffett (artist)",True
2004,Best R&B Song,Crazy In Love,"Jay-Z (artist/songwriter), Beyoncé (artist/songwriter), Rich Harrison (songwriter)",True
2004,Best Rap Song,Lose Yourself,"Jeff Bass (songwriter), Eminem (artist/songwriter), Luis Resto (songwriter)",True
2004,Best Rap Song,In da Club,"Dr. Dre (songwriter), Mike Elizondo (songwriter), 50 Cent (songwriter)",False
2004,Best Rap Song,Beautiful,"Snoop Dogg (songwriter), Chad Hugo (songwriter), Pharrell Williams (songwriter)",False
2004,Best Rock Song,Seven Nation Army,"Jack White (songwriter), The White Stripes (artist)",True
2004,Best Rock Song,Calling All Angels,"Charlie Colin (songwriter), Pat Monahan (songwriter), Jimmy Stafford (songwriter), Scott Underwood (songwriter)",False
2004,Best Rock Song,Disorder in the House,"Jorge Calderón (songwriter), Warren Zevon (songwriter)",False
2004,"Best Song Written for a Motion Picture, Television or Other Visual Media",A Mighty Wind,A Mighty Wind,True
2004,"Best Song Written for a Motion Picture, Television or Other Visual Media",Lose Yourself,8 Mile,False
2004,"Best Song Written for a Motion Picture, Television or Other Visual Media",The Hands That Built America,Gangs of New York,False
2004,Song of the Year,Dance With My Father,"Richard Marx (songwriter), Luther Vandross (artist/songwriter)",True
2004,Song of the Year,Lose Yourself,"Jeff Bass (songwriter), Eminem (songwriter), Luis Resto (songwriter)",False
2004,Song of the Year,Beautiful,Linda Perry (songwriter),False
2005,Best Country Song,Live Like You Were Dying,"Tim Nichols (songwriter), Craig Wiseman (songwriter), Tim McGraw (artist)",True
2005,Best Country Song,"Portland, Oregon",Loretta Lynn,False
2005,Best Country Song,It's Hard to Kiss the Lips At Night That Chew Your Ass Out All Day Long,"Rodney Crowell, Vince Gill",False
2005,Best R&B Song,You Don't Know My Name,"Alicia Keys (artist/songwriter), Harold Lilly (songwriter), Kanye West (songwriter)",True
2005,Best R&B Song,My Boo,"Jermaine Dupri (songwriter), Alicia Keys (songwriter), Usher Raymond (songwriter), Manuel Seal (songwriter), Adonis Shropshire (songwriter)",False
2005,Best R&B Song,Yeah!,"Sean Garrett (songwriter), La Marquis Jefferson (songwriter), Lil Jon (songwriter), Ludacris (songwriter), James Phillips (songwriter), Usher Raymond (songwriter), Patrick J. Que Smith (songwriter)",False
2005,Best Rap Song,Jesus Walks,"Kanye West (artist/songwriter), Miri Ben-Ari (songwriter), Rhymefest (songwriter)",True
2005,Best Rap Song,Drop It Like It's Hot,"Snoop Dogg (songwriter), Chad Hugo (songwriter), Pharrell Williams (songwriter)",False
2005,Best Rap Song,Hey Mama,"Will.i.am (songwriter), Tippa Irie (songwriter)",False
2005,Best Rock Song,Vertigo,U2 (songwriters),True
2005,"Best Song Written for a Motion Picture, Television or Other Visual Media",Into The West,The Lord of the Rings: The Return of the King,True
2005,"Best Song Written for a Motion Picture, Television or Other Visual Media",The Scarlet Tide,Cold Mountain,False
2005,"Best Song Written for a Motion Picture, Television or Other Visual Media",Belleville Rendez-Vous,The Triplets of Belleville,False
2005,Song of the Year,Daughters,John Mayer (songwriter),True
2005,Song of the Year,The Reason,"Daniel Estrin (songwriter), Douglas Robb (songwriter)",False
2005,Song of the Year,Live Like You Were Dying,"Tim Nichols (songwriter), Craig Wiseman (songwriter)",False
2006,Best Country Song,Bless The Broken Road,"Bobby Boyd (songwriter), Jeff Hanna (songwriter), Marcus Hummon (songwriter), Rascal Flatts (artist)",True
2006,Best Gospel Song,Be Blessed,"Yolanda Adams (artist/songwriter), Jimmy Jam (songwriter), Terry Lewis (songwriter), Big Jim Wright (songwriter)",True
2006,Best R&B Song,We Belong Together,"Johnta Austin (songwriter), Mariah Carey (artist/songwriter), Jermaine Dupri (songwriter), Manuel Seal (songwriter)",True
2006,Best Rap Song,Diamonds From Sierra Leone,"Kanye West (artist/songwriter), Devon Harris (songwriter)",True
2006,Best Rock Song,City Of Blinding Lights,U2 (songwriters),True
2006,"Best Song Written for Motion Picture, Television or Other Visual Media",Believe,The Polar Express,True
2006,"Best Song Written for Motion Picture, Television or Other Visual Media",Square One,Elizabethtown,False
2006,"Best Song Written for Motion Picture, Television or Other Visual Media",Cold Wind (Volume 2 - Everything Ends),Six Feet Under,False
2006,Song of the Year,Sometimes You Can't Make It On Your Own,U2 (songwriters),True
2006,Song of the Year,Devils & Dust,Bruce Springsteen (songwriter),False
2006,Song of the Year,Ordinary People,"Will.i.am (songwriter), John Legend (songwriter)",False
2007,Best Country Song,"Jesus, Take The Wheel","Brett James (songwriter), Hillary Lindsey (songwriter), Gordie Sampson (songwriter), Carrie Underwood (artist)",True
2007,Best Gospel Song,Imagine Me,Kirk Franklin (artist/songwriter),True
2007,Best R&B Song,Be Without You,"Mary J. Blige (artist/songwriter), Johnta Austin (songwriter), Bryan Michael Cox (songwriter), Jason Perry (songwriter)",True
2007,Best Rap Song,Money Maker,"Ludacris (artist/songwriter), Pharrell Williams (artist/songwriter)",True
2007,Best Rock Song,Dani California,Red Hot Chili Peppers (artist/songwriters),True
2007,"Best Song Written for Motion Picture, Television or Other Visual Media",Our Town,Cars,True
2007,"Best Song Written for Motion Picture, Television or Other Visual Media",Can't Take It In,"The Chronicles of Narnia: The Lion, the Witch and the Wardrobe",False
2007,"Best Song Written for Motion Picture, Television or Other Visual Media",Travelin' Thru,Transamerica,False
2007,Song of the Year,Not Ready to Make Nice,"Natalie Maines (songwriter), Dan Wilson (songwriter), Emily Robison (songwriter), Martie Maguire (songwriter)",True
2007,Song of the Year,You're Beautiful,"James Blunt (songwriter), Amanda Ghost (songwriter), Sacha Skarbek (songwriter)",False
2007,Song of the Year,Be Without You,"Mary J. Blige (songwriter), Johnta Austin (songwriter), Jason Perry (songwriter), Bryan Michael Cox (songwriter)",False
2008,Best Country Song,Before He Cheats,"Carrie Underwood (artist), Josh Kear (songwriter), Chris Tompkins (songwriter)",True
2008,Best Gospel Song,Blessed & Highly Favored,"Karen Clark Sheard (songwriter), The Clark Sisters (artist)",True
2008,Best R&B Song,No One,"Alicia Keys (artist/songwriter), Kerry Brothers (songwriter), Dirty Harry (songwriter)",True
2008,Best Rap Song,Good Life,"Kanye West (artist/songwriter), T-Pain (artist/songwriter), Dj Toomp (songwriter), Mike Dean (songwriter)",True
2008,Best Rock Song,Radio Nowhere,Bruce Springsteen (songwriter),True
2008,Best Rock Song,The Pretender,Foo Fighters (songwriters),False
2008,Best Rock Song,Come On,Lucinda Williams (songwriter),False
2008,"Best Song Written for Motion Picture, Television or Other Visual Media",Love You I Do,Dreamgirls,True
2008,"Best Song Written for Motion Picture, Television or Other Visual Media",Song Of The Heart,Happy Feet,False
2008,"Best Song Written for Motion Picture, Television or Other Visual Media",Falling Slowly,Once,False
2008,Song of the Year,Rehab,Amy Winehouse (songwriter),True
2008,Song of the Year,Umbrella,"Jay-Z (songwriter), Kuk Harrell (songwriter), The-Dream (songwriter), Christopher Stewart (songwriter)",False
2008,Song of the Year,Hey There Delilah,Tom Higgenson (songwriter),False
2009,Best Country Song,Stay,"Jennifer Nettles (songwriter), Sugarland (artist)",True
2009,Best Country Song,In Color,Jamey Johnson,False
2009,Best Country Song,You're Gonna Miss This,Trace Adkins,False
2009,Best Gospel Song,Help Me Believe,Kirk Franklin (artist/songwriter),True
2009,Best Gospel Song,Give Me Your Eyes,"Brandon Heath (artist/songwriter), Jason Ingram (songwriter)",False
2009,Best Gospel Song,You Reign,"MercyMe (artist), Jim Bryson (songwriter), Steven Curtis Chapman (songwriter), Nathaniel Cochran (songwriter), Barry Graul (songwriter), Bart Millard (songwriter), Mike Scheuchzer (songwriter), Robby Shaffer (songwriter)",False
2009,Best R&B Song,Miss Independent,"Ne-Yo (artist/songwriter), Mikkel Storleer Eriksen (songwriter), Tor Erik Hermansen (songwriter)",True
2009,Best R&B Song,Spotlight,Jennifer Hudson,False
2009,Best R&B Song,Customer,Raheem DeVaughn,False
2009,Best Rap Song,Lollipop,"Lil' Wayne (artist/songwriter), Stephen Garrett (artist/songwriter), Darius Deezle Harrison (songwriter), Jim Jonsin (songwriter), R. Zamor (songwriter)",True
2009,Best Rap Song,Swagga Like Us,"Jay-Z (artist/songwriter), T.I. (artist/songwriter), Kanye West (artist/songwriter), Lil' Wayne (artist/songwriter), M.I.A. (songwriter), Topper Headon (songwriter), Mick Jones (songwriter), Joe Strummer (songwriter), Diplo (songwriter), Paul Simonon (songwriter)",False
2009,Best Rap Song,Sexual Eruption,"Snoop Dogg (artist/songwriter), S. Lovejoy (songwriter), Shawty Redd (songwriter)",False
2009,Best Rock Song,Girls in Their Summer Clothes,Bruce Springsteen (artist/songwriter),True
2009,Best Rock Song,I Will Possess Your Heart,Death Cab for Cutie,False
2009,Best Rock Song,House of Cards,Radiohead,False
2009,"Best Song Written for Motion Picture, Television or Other Visual Media",Down To Earth,WALL·E,True
2009,"Best Song Written for Motion Picture, Television or Other Visual Media",Ever Ever After,Enchanted,False
2009,"Best Song Written for Motion Picture, Television or Other Visual Media",Walk Hard,Walk Hard: The Dewey Cox Story,False
2009,Song of the Year,Viva la Vida,Coldplay (songwriters),True
2009,Song of the Year,American Boy,"Estelle (songwriter), Kanye West (songwriter), John Legend (songwriter), Joshua Lopez (songwriter), Caleb Speir (songwriter), Will.i.am (songwriter), Darrell Keith Harris (songwriter)",False
2009,Song of the Year,Love Song,Sara Bareilles (songwriter),False
2010,Best Country Song,White Horse,"Liz Rose (Songwriter), Taylor Swift (Songwriter)",True
2010,Best Country Song,I Run to You.,"Tom Douglas (Songwriter), Dave Haywood (Songwriter), Charles Kelley (Songwriter), Hillary Scott (Songwriter)",False
2010,Best Gospel Song,God In Me,"Kierra 'Kiki' Sheard (artist), Mary Mary (artist), Warryn Campbell (songwriter), Erica Campbell (songwriter), Trecina Campbell (songwriter)",True
2010,Best R&B Song,Single Ladies (Put a Ring on It).,"Beyoncé (Songwriter), Kuk Harrell (Songwriter), The-Dream (Songwriter), Christopher Stewart (Songwriter)",True
2010,Best Rap Song,Run This Town.,"Jeff Bhasker (Songwriter), Jay-Z (Songwriter), Rihanna (Songwriter), Kanye West (Songwriter), No I.D. (Songwriter)",True
2010,Best Rap Song,Day N Nite.,"Dot Da Genius (Songwriter), Kid Cudi (Songwriter)",False
2010,Best Rap Song,Dead and Gone (Shared with songwriter Robin Tadross).,"T.I. (Songwriter), Justin Timberlake (Songwriter)",False
2010,Best Rock Song,Use Somebody,"Kings of Leon (artist), Nathan Followill (songwriter), Caleb Followill (songwriter), Jared Followill (songwriter), Matthew Followill (songwriter)",True
2010,"Best Song Written for Motion Picture, Television or Other Visual Media",Jai Ho.,Slumdog Millionaire,True
2010,"Best Song Written for Motion Picture, Television or Other Visual Media",The Climb.,Hannah Montana: The Movie,False
2010,"Best Song Written for Motion Picture, Television or Other Visual Media",Decode.,Twilight,False
2010,Song of the Year,Single Ladies (Put a Ring on It).,"Beyoncé (Songwriter), The-Dream (Songwriter), Christopher Stewart (Songwriter), Kuk Harrell (Songwriter)",True
2010,Song of the Year,Poker Face.,"Lady Gaga, RedOne",False
2010,Song of the Year,Pretty Wings (Songwriters: Hod David and Musze).,,False
2011,Best Country Song,Need You Now.,"Hillary Scott (Songwriter), Josh Kear (Songwriter), Dave Haywood (Songwriter), Charles Kelley (Songwriter)",True
2011,Best Country Song,I'd Love to Be Your Last.,"Rivers Rutherford (Songwriter), Annie Tate (Songwriter), Sam Tate (Songwriter)",False
2011,Best Country Song,Free.,Zac Brown (Songwriter),False
2011,Best Gospel Song,It's What I Do,"Lalah Hathaway (artist), Jerry Peters (songwriter), Kirk Whalum (songwriter/artist)",True
2011,Best R&B Song,Shine.,John Legend (Songwriter),True
2011,Best Rap Song,Empire State Of Mind,"Jay-Z (songwriter/artist), Angela Hunte (songwriter), Alicia Keys (songwriter/artist), Janet Sewell (songwriter), Alexander Shuckburgh (songwriter)",True
2011,Best Rock Song,Angry World.,Neil Young (Songwriter),True
2011,Best Rock Song,Radioactive.,"Kings of Leon (Songwriters), Caleb Followill (Songwriter), Jared Followill (Songwriter), Matthew Followill (Songwriter), Nathan Followill (Songwriter)",False
2011,Best Rock Song,Little Lion Man.,"Mumford & Sons (Songwriters), Ted Dwane (Songwriter), Ben Lovett (Songwriter), 'Country' Winston Marshall (Songwriter), Marcus Mumford (Songwriter)",False
2011,"Best Song Written for Motion Picture, Television or Other Visual Media",The Weary Kind.,Crazy Heart,True
2011,"Best Song Written for Motion Picture, Television or Other Visual Media",Down in New Orleans.,The Princess and the Frog,False
2011,"Best Song Written for Motion Picture, Television or Other Visual Media",Kiss Like Your Kiss.,True Blood,False
2011,Song of the Year,Need You Now.,"Hillary Scott (Songwriter), Charles Kelley (Songwriter), Dave Haywood (Songwriter), Josh Kear",True
2011,Song of the Year,Fuck You.,"CeeLo Green (Songwriter), Philip Lawrence (Songwriter), Bruno Mars (Songwriter)",False
2011,Song of the Year,The House That Built Me.,"Tom Douglas (Songwriter), Allen Shamblin (Songwriter)",False
2012,Best Contemporary Christian Music Song,Blessings,Laura Story (songwriter),True
2012,Best Country Song,Mean.,Taylor Swift (Songwriter),True
2012,Best Gospel Song,Hello Fear,Kirk Franklin (songwriter),True
2012,Best R&B Song,Fool For You.,"CeeLo Green (Songwriter), Jack Splash (Songwriter)",True
2012,Best Rap Song,All of the Lights.,"Jeff Bhasker (Songwriter), Really Doe (Songwriter), Kanye West (Songwriter), Malik Yusef (Songwriter)",True
2012,Best Rap Song,Otis.,"Jay-Z (Songwriter), Kanye West (Songwriter)",False
2012,Best Rap Song,Black & Yellow.,"Mikkel Storleer Eriksen (Songwriter), Tor Erik Hermansen (Songwriter), Wiz Khalifa (Songwriter)",False
2012,Best Rock Song,Walk.,Foo Fighters (Songwriters),True
2012,Best Rock Song,Down By the Water.,Colin Meloy (Songwriter),False
2012,Best Rock Song,Lotus Flower.,Radiohead (Songwriter),False
2012,Best Song Written Specifically for a Motion Picture or for Television,I See the Light,Tangled,True
2012,Best Song Written Specifically for a Motion Picture or for Television,Christmastime Is Killing Us,Family Guy,False
2012,Best Song Written Specifically for a Motion Picture or for Television,Born to Be Somebody,Justin Bieber: Never Say Never,False
2012,Best Song Written for Visual Media,I See The Light (From Tangled),"Alan Menken (songwriter), Glenn Slater (songwriter)",True
2012,Song of the Year,Rolling in the Deep.,"Adele (Songwriter), Paul Epworth (Songwriter)",True
2012,Song of the Year,Grenade.,"Brody Brown (Songwriter), Bruno Mars (Songwriter), Ari Levine (Songwriter), Philip Lawrence (Songwriter), Andrew Wyatt (Songwriter), Claude Kelly (Songwriter)",False
2012,Song of the Year,The Cave,"Ted Dwane (songwriter), Ben Lovett (songwriter), Marcus Mumford (songwriter), 'Country' Winston Marshall (songwriter)",False
2013,Best Contemporary Christian Music Song,"10,000 Reasons (Bless The Lord)","Jonas Myrin (songwriter), Matt Redman (songwriter)",True
2013,Best Country Song,Blown Away.,"Josh Kear, Chris Tompkins",True
2013,Best Gospel Song,Go Get It,"Erica Campbell (songwriter), Tina Campbell (songwriter), Warryn Campbell (songwriter)",True
2013,Best R&B Song,Adorn.,Miguel (Songwriter),True
2013,Best R&B Song,Heart Attack.,"Benny Blanco (Songwriter), Trey Songz (Songwriter), Rico Love (Songwriter)",False
2013,Best R&B Song,Beautiful Surprise.,"Tamia (Songwriter), Salaam Remi (Songwriter), Claude Kelly (Songwriter)",False
2013,Best Rap Song,Ni**as in Paris.,"Mike Dean (Songwriter), Hit-Boy (Songwriter), Jay-Z (Songwriter), Kanye West (Songwriter)",True
2013,Best Rap Song,"Young, Wild & Free.","Bruno Mars (Songwriter), Wiz Khalifa (Songwriter), Peter Hernandez (Songwriter), Snoop Dogg (Songwriter), Philip Lawrence (Songwriter), Brody Brown (Songwriter)",False
2013,Best Rap Song,Daughters.,"Nas (Songwriter), No I.D. (Songwriter)",False
2013,Best Rock Song,Lonely Boy.,"Dan Auerbach (Songwriter), Patrick J. Carney (Songwriter), Danger Mouse (Songwriter)",True
2013,Best Rock Song,Freedom At 21.,Jack White (Songwriter),False
2013,Best Rock Song,Madness.,Matthew Bellamy (Songwriter),False
2013,Best Song Written for Visual Media,Safe & Sound.,The Hunger Games,True
2013,Best Song Written for Visual Media,Let Me Be Your Star.,Smash,False
2013,Best Song Written for Visual Media,Man or Muppet.,The Muppets,False
2013,Song of the Year,We Are Young.,"Jack Antonoff (Songwriter), Jeff Bhasker (Songwriter), Andrew Dost (Songwriter), Nate Ruess (Songwriter)",True
2013,Song of the Year,The a Team.,Ed Sheeran (Songwriter),False
2013,Song of the Year,Adorn.,Miguel (Songwriter),False
2014,Best American Roots Song,Love Has Come For You.,"Edie Brickell (songwriter), Steve Martin (songwriter)",True
2014,Best Contemporary Christian Music Song,Overcomer,"Christopher Stevens (songwriter), David Garcia (songwriter), Ben Glover (songwriter)",True
2014,Best Country Song,Merry Go 'Round.,"Shane McAnally (Songwriter), Kacey Musgraves (Songwriter), Josh Osborne (Songwriter)",True
2014,Best Country Song,Being Again.,Taylor Swift (songwriter),False
2014,Best Gospel Song,If He Did It Before... Same God [Live],Tye Tribbett (songwriter),True
2014,Best R&B Song,Pusher Love Girl.,"James Fauntleroy (songwriter), Jerome Harmon (songwriter), Timbaland (songwriter), Justin Timberlake (songwriter)",True
2014,Best R&B Song,Only One.,PJ Morton,False
2014,Best Rap Song,Thrift Shop.,"Ryan Lewis (Songwriter), Macklemore (Songwriter)",True
2014,Best Rap Song,Started From the Bottom.,"Drake (songwriter), Noah Shebib (songwriter), Mike Zombie (songwriter)",False
2014,Best Rap Song,Holy Grail.,"Jay-Z (songwriter), The-Dream (songwriter), Jerome Harmon (songwriter), Timbaland (songwriter), Justin Timberlake (songwriter), No I.D. (songwriter)",False
2014,Best Rock Song,Cut Me Some Slack,"Dave Grohl (songwriter/artist), Paul McCartney (songwriter/artist), Krist Novoselic (songwriter/artist), Pat Smear (songwriter/artist)",True
2014,Best Song Written for Visual Media,Skyfall,Skyfall,True
2014,Best Song Written for Visual Media,We Both Know,Safe Haven,False
2014,Best Song Written for Visual Media,Young and Beautiful,The Great Gatsby,False
2014,Song of the Year,Royals.,"Joel Little (Songwriter), Lorde (Songwriter)",True
2014,Song of the Year,Just Give Me a Reason.,"Jeff Bhasker (Songwriter), Pink (Songwriter), Nate Ruess (Songwriter)",False
2014,Song of the Year,Locked Out of Heaven.,"Philip Lawrence (Songwriter), Ari Levine (Songwriter), Bruno Mars (Songwriter)",False
2015,Best American Roots Song,A Feather's Not a Bird.,Rosanne Cash,True
2015,Best Contemporary Christian Music Performance/Song,Messengers,"Luke Smallbone (songwriter), Joel Smallbone (songwriter), Joseph Prielozny (songwriter), Kenneth Chris (songwriter), Lecrae (artist/songwriter), For King & Country (artist), Torrance Esmond (songwriter), Ran Jackson (songwriter), Ricky Jackson (songwriter)",True
2015,Best Country Song,I'm Not Gonna Miss You.,"Glen Campbell (songwriter), Julian Raymond (songwriter)",True
2015,Best Country Song,Automatic.,"Nicolle Galyon (songwriter), Natalie Hemby (songwriter), Miranda Lambert (songwriter)",False
2015,Best Country Song,Meanwhile Back at Mama's.,"Tom Douglas (songwriter), Jaren Johnston (songwriter), Jeffrey Steele (songwriter)",False
2015,Best Gospel Performance/Song,No Greater Love,"Smokie Norful (songwriter/artist), Aaron Lindsey (songwriter)",True
2015,Best R&B Song,Drunk in Love.,"Jay-Z (songwriter), Rasool Diaz (songwriter), Noel Fisher (songwriter), Jerome Harmon (songwriter), Beyoncé (songwriter), Timbaland (songwriter), Dre Moon (songwriter), Brian Soko (songwriter)",True
2015,Best R&B Song,The Worst.,"Jhené Aiko (songwriter), Mac Robinson (songwriter), Brian Warfield (songwriter)",False
2015,Best R&B Song,"Flip Colson, Warren Oak Felder, Jameel Roberts, Terry Tru Sneed, and Andrew Pop Wansel. For the song Good Kisser.",Usher Raymond (songwriter),False
2015,Best Rap Song,i.,"Kendrick Lamar (Songwriter), Rahki (Songwriter)",True
2015,Best Rap Song,Anaconda.,"Ernest Clark (songwriter), Polow Da Don (songwriter), Nicki Minaj (songwriter), Marcos Palacios (songwriter), Jonathan Solone-Myvett (songwriter)",False
2015,Best Rap Song,We Dem Boyz.,"Noel Fisher (songwriter), Wiz Khalifa (songwriter)",False
2015,Best Rock Song,Ain't It Fun.,"Hayley Williams (Songwriter), Taylor York (Songwriter)",True
2015,Best Rock Song,Fever.,"Dan Auerbach (songwriter), Patrick J. Carney (songwriter), Danger Mouse (songwriter)",False
2015,Best Rock Song,Gimme Something Good.,Ryan Adams (songwriter),False
2015,Best Song Written for Visual Media,Let It Go.,Frozen,True
2015,Best Song Written for Visual Media,The Moon Song.,Her,False
2015,Best Song Written for Visual Media,Everything Is Awesome!!!.,The Lego Movie,False
2015,Song of the Year,Stay With Me (Darkchild version).,"Jimmy Napes (Songwriter), Sam Smith (Songwriter), Tourist (Songwriter)",True
2015,Song of the Year,Chandelier.,"Jesse Shatkin (songwriter), Sia (songwriter)",False
2015,Song of the Year,Shake It Off.,"Max Martin (songwriter), Shellback (songwriter), Taylor Swift (songwriter)",False
2016,Best American Roots Song,24 Frames,Jason Isbell (songwriter),True
2016,Best Contemporary Christian Music Performance/Song,Holy Spirit,Francesca Battistelli (artist),True
2016,Best Country Song,Girl Crush,"Little Big Town (artist), Liz Rose (songwriter), Lori McKenna (songwriter), Hillary Lindsey (songwriter)",True
2016,Best Gospel Performance/Song,Wanna Be Happy?,Kirk Franklin,True
2016,Best Gospel Performance/Song,Worth Fighting For (Live),Brian Courtney Wilson,False
2016,Best Gospel Performance/Song,Intentional,Travis Greene,False
2016,Best R&B Song,Really Love.,"D'Angelo (songwriter), Gina Figueroa (songwriter), Kendra Foster (songwriter)",True
2016,Best R&B Song,Let It Burn.,"Kenneth 'Babyface' Edmonds (songwriter), Jazmine Sullivan (songwriter)",False
2016,Best R&B Song,Shame.,"Warryn Campbell (songwriter), Tyrese Gibson (songwriter), D.J. Rogers Jr. (songwriter)",False
2016,Best Rap Song,Alright.,"Kendrick Lamar (songwriter), Kawan Prather (songwriter), Sounwave (songwriter), Pharrell Williams (songwriter)",True
2016,Best Rap Song,Trap Queen.,Fetty Wap (songwriter),False
2016,Best Rap Song,All Day.,"Tyler Bryant (songwriter), Sean 'Diddy' Combs (songwriter), Mike Dean (songwriter), Noah Goldstein (songwriter), Malik Yusef (songwriter), French Montana (songwriter), Kendrick Lamar (songwriter), Paul McCartney (songwriter), Vic Mensa (songwriter), Charles Njapa (songwriter), Che Pope (songwriter), Patrick 'Plain Pat' Reynolds (songwriter), Allen Ritter (songwriter), Kanye West (songwriter), Mario Winans (songwriter), CyHi the Prynce (songwriter)",False
2016,Best Rock Song,Don't Wanna Fight.,Alabama Shakes (songwriters),True
2016,Best Rock Song,Hold Back the River.,"Iain Archer (songwriter), James Bay (songwriter)",False
2016,Best Rock Song,Lydia.,"Rich Meyer (songwriter), Ryan Meyer (songwriter), Johnny Stevens (songwriter)",False
2016,Best Song Written for Visual Media,Glory.,Selma,True
2016,Best Song Written for Visual Media,Love Me Like You Do.,Fifty Shades of Grey,False
2016,Best Song Written for Visual Media,Til It Happens to You.,The Hunting Ground,False
2016,Song of the Year,Thinking Out Loud.,"Ed Sheeran (artist/songwriter), Amy Wadge (artist/songwriter)",True
2016,Song of the Year,Girl Crush.,"Little Big Town (artist), Hillary Lindsey (songwriter), Lori McKenna (songwriter), Liz Rose (songwriter)",False
2017,Best American Roots Song,Kid Sister,"Vince Gill (song writer), The Time Jumpers (artist)",True
2017,Best American Roots Song,Wreck You,"Lori McKenna (songwriter/artist), Felix McTeigue (songwriter)",False
2017,Best American Roots Song,Gulfstream,"The Hub City All-Stars (artist), Roddie Romero (song writer/artist), Eric Adcock (song writer)",False
2017,Best Contemporary Christian Music Performance/Song,Thy Will,"Emily Weisband (songwriter), Bernie Herms (songwriter), The Scott Family (artist), Hillary Scott (artist/songwriter)",True
2017,Best Contemporary Christian Music Performance/Song,King of the World,"Samuel Mizell (songwriter), Becca Mizell (songwriter), Natalie Grant (artist/songwriter)",False
2017,Best Contemporary Christian Music Performance/Song,Chain Breaker,"Zach Williams (songwriter), Jonathan Smith (songwriter), Mia Fieldes (artist/songwriter)",False
2017,Best Gospel Performance/Song,God Provides,"Tamela J. Mann (singer), Kirk Franklin (songwriter)",True
2017,Best Rap Song,Hotline Bling,"Drake (songwriter), Nineteen85 (songwriter)",True
2017,Best Rock Song,Blackstar (Posthumously),David Bowie (songwriter),True
2017,Best Rock Song,Burn the Witch,Radiohead (songwriters),False
2017,Best Rock Song,Heathens,Tyler Joseph (songwriter),False
2017,Best Song Written for Visual Media,Can't Stop the Feeling!,Trolls,True
2017,Best Song Written for Visual Media,The Veil.,Snowden,False
2017,Best Song Written for Visual Media,Heathens,Suicide Squad,False
2017,Song of the Year,Hello,"Adele, Greg Kurstin",True
2017,Song of the Year,Love Yourself,"Justin Bieber, Benny Blanco, Ed Sheeran",False
2017,Song of the Year,I Took a Pill in Ibiza,Mike Posner,False
2017,Best Country Song,My Church,Maren Morris,False
2017,Best R&B Song,Kiss It Better.,"Rihanna (songwriter), Jeff Bhasker (songwriter), Teddy Sinclair (songwriter)",False
2018,Best American Roots Song,If We Were Vampires,Jason Isbell (songwriter/artist),True
2018,Best American Roots Song,It Ain't Over Yet,"John Paul White (artist), Rosanne Cash (artist), Rodney Crowell (songwriter/artist)",False
2018,Best American Roots Song,I Wish You Well,"The Mavericks (artist), Alan Miller (songwriter), Raul Malo (songwriter)",False
2018,Best Contemporary Christian Music Performance/Song,What a Beautiful Name,"Brooke Ligertwood (songwriter), Ben Fielding (songwriter), Hillsong Worship (artist)",True
2018,Best Contemporary Christian Music Performance/Song,Clean,Natalie Grant (songwriter?artist),False
2018,Best Contemporary Christian Music Performance/Song,Even If,"Tim Timmons (songwriter), Crystal Lewis (songwriter), Ben Glover (songwriter), David Garcia (songwriter), MercyMe (songwriter/artist)",False
2018,Best Country Song,Broken Halos,"Chris Stapleton, Mike Henderson",True
2018,Best Country Song,Body Like a Back Road,"Josh Osborne (songwriter), Shane McAnally (songwriter), Sam Hunt (songwriter/artist), Zach Crowell (songwriter)",False
2018,Best Country Song,Better Man,Taylor Swift,False
2018,Best Gospel Performance/Song,Never Have to Be Alone,"Dwan Hill (songwriter), Dwan Hill (songwriter), CeCe Winans (artist)",True
2018,Best Gospel Performance/Song,Better Days,Leandria Johnson (artist),False
2018,Best Gospel Performance/Song,Too Hard Not To,"Warryn Campbell (songwriter), Tina Campbell (songwriter/artist)",False
2018,Best R&B Song,That's What I Like,"Jonathan Yip (songwriter), Ray Romulus (songwriter), Jeremy Reeves (songwriter), Ray Charles McCullough II (songwriter), Bruno Mars (songwriter/artist), Philip Lawrence (songwriter), James Fauntleroy (songwriter), Brody Brown (songwriter)",True
2018,Best R&B Song,Redbone,"Donald Glover (artist/producer/engineer/mixer), Ludwig Göransson (producer/engineer/mixer)",False
2018,Best R&B Song,First Began,PJ Morton (songwriter),False
2018,Best Rap Song,Humble,"Mike Will Made It (songwriter), Asheton Hogan (songwriter), Kendrick Lamar (songwriter/artist)",True
2018,Best Rap Song,The Story of O.J.,"No I.D. (artist), Jay-Z (song writer/artist)",False
2018,Best Rap Song,Sassy,"Wyann Vaughn (song writer), Rapsody (song writer/artist), E. Gabouerd (song writer), Jason Martin (song writer)",False
2018,Best Rock Song,Run,Foo Fighters,True
2018,Best Rock Song,Blood in the Cut,K.Flay,False
2018,Best Rock Song,Go to War,Nothing More,False
2018,Best Song Written for Visual Media,How Far I'll Go,Moana,True
2018,Best Song Written for Visual Media,City of Stars,La La Land,False
2018,Best Song Written for Visual Media,Stand Up for Something,Marshall,False
2018,Song of the Year,That's What I Like,"Bruno Mars (Artist/Songwriter), Brody Brown (Songwriter), James Fauntleroy (Songwriter), Philip Lawrence (Songwriter), Jeremy Reeves (Songwriter), Ray Romulus (Songwriter), Jonathan Yip (Songwriter), Ray Charles McCullough II (Songwriter)",True
2018,Song of the Year,Despacito,"Daddy Yankee (Artist/Songwriter), Luis Fonsi (Artist/Songwriter), Justin Bieber (Artist/Songwriter), Poo Bear (Songwriter), Erika Ender (Songwriter), Marty James Garton (Songwriter)",False
2018,Song of the Year,Issues,"Julia Michaels (Artist/Songwriter), Benny Blanco (Songwriter), Mikkel Storleer Eriksen (Songwriter), Tor Erik Hermansen (Songwriter), Justin Tranter (Songwriter)",False
2019,Best American Roots Song,The Joke,"Brandi Carlile (artist/songwriter), Dave Cobb (songwriter), Phil Hanseroth (songwriter), Tim Hanseroth (songwriter)",True
2019,Best American Roots Song,Knockin' on Your Screen Door,"Pat McLaughlin (songwriter), John Prine (songwriter/artist)",False
2019,Best American Roots Song,All the Trouble,"Waylon Payne (songwriter), Lee Ann Womack (songwriter), Adam Wright (songwriter/artist)",False
2019,Best Contemporary Christian Music Performance/Song,You Say,"Lauren Daigle, Jason Ingram, Paul Mabury",True
2019,Best Contemporary Christian Music Performance/Song,Joy,"For King & Country, Ben Glover, Matt Hales, Blake Kanicka, Joel Smallbone, Luke Smallbone, Tedd T, Seth Mosley",False
2019,Best Contemporary Christian Music Performance/Song,Known,"Tauren Wells, Jordan Sapp, Ethan Hulse",False
2019,Best Country Song,Space Cowboy (Kacey Musgraves),"Luke Laird, Shane McAnally, Kacey Musgraves",True
2019,Best Country Song,Break Up in the End (Cole Swindell),"Jessie Jo Dillon, Chase McGill, Jon Nite",False
2019,Best Country Song,I Lived It (Blake Shelton),"Rhett Akins, Ross Copperman, Ashley Gorley, Ben Hayslip",False
2019,Best Gospel Performance/Song,Never Alone,"Tori Kelly (artist), Kirk Franklin (artist/producer), Victoria Kelly (songwriter)",True
2019,Best R&B Song,Boo'd Up (Ella Mai),"Larrance Dopson, Joelle James, Ella Mai, DJ Mustard",True
2019,Best R&B Song,Feels Like Summer (Childish Gambino),"Donald Glover, Ludwig Göransson",False
2019,Best R&B Song,Long As I Live (Toni Braxton),"Toni Braxton, Antonio Dixon, Paul Boutin",False
2019,Best Rap Song,God's Plan (Drake),"Drake, Boi-1da, Noah Shebib, Daveon Jackson, Brock Korsan, Ronald LaTour",True
2019,Best Rap Song,Win (Jay Rock),"Jay Rock, Kendrick Lamar, Vinylz, Boi-1da, Cory Thompson",False
2019,Best Rap Song,"Sicko Mode (Travis Scott, Drake, (Big Hawk) & Swae Lee)","Swae Lee, Rogét Chahayed, Kevin Gomringer, Hit-Boy, Travis Scott, Ozan Yildirim, CyHi the Prynce, Drake, Tim Gomringer, Mirsad Dirvic, Mike Dean, Tay Keith",False
2019,Best Rock Song,Masseduction (St. Vincent),"Jack Antonoff, St. Vincent",True
2019,Best Rock Song,Black Smoke Rising (Greta Van Fleet),"Samuel Kiszka, Daniel Robert Wagner, Joshua Michael Kiszka, Jacob Thomas Kiszka",False
2019,Best Rock Song,Jumpsuit (Twenty One Pilots),Tyler Joseph,False
2019,Best Song Written for Visual Media,Shallow,A Star Is Born,True
2019,Best Song Written for Visual Media,Mystery of Love,Call Me by Your Name,False
2019,Best Song Written for Visual Media,This Is Me,The Greatest Showman,False
2019,Song of the Year,This is America (Childish Gambino),"Ludwig Göransson (songwriter), Young Thug (songwriter), Donald Glover (songwriter)",True
2019,Song of the Year,The Joke (Brandi Carlile),"Brandi Carlile (songwriter), Dave Cobb (songwriter), Phil Hanseroth (songwriter), Tim Hanseroth (songwriter)",False
2019,Song of the Year,Boo'd Up (Ella Mai),"Ella Mai (songwriter), Larrance Dopson (songwriter), Joelle James (songwriter), DJ Mustard (songwriter)",False
2019,Song of the Year,In My Blood (Shawn Mendes),"Shawn Mendes (songwriter), Teddy Geiger (songwriter), Scott Harris (songwriter), Geoff Warburton (songwriter)",False
